id,title,intro,poster,pubdate,url,rating,genres,star,comment,tags,star_time,card
3821067,一代宗师,,https://neodb.social/m/item/movie/2023/05/17/542ea8a4-8766-4e72-87be-68dd26b6cd0a.webp,2013-01-08(中国大陆),https://movie.douban.com/subject/3821067/,8.2,"剧情,动作,爱情",3,现在才看，不如不看，云里雾里。,,2026-08-14 22:49:35,2013 / 中国大陆 中国香港 / 剧情 动作 爱情 传记 / 王家卫 / 梁朝伟 章子怡
35811064,欢迎来龙餐馆,,https://neodb.social/m/item/doubanmovie/2026/08/05/762a0056-53ca-4121-9b7d-2ee9e885b81a.webp,2026-08-11(中国大陆),https://movie.douban.com/subject/35811064/,8.7,"剧情,战争",4,不落俗套的反战片。沈腾的表演出色，蒋奇明也演的好，就是口音跟之前几部电视剧中的角色相同，在片中略感出戏，还有，李治廷真的好像二哥呀，在电影院中我都嘀咕这王力宏。,,2026-08-14 11:51:32,2026 / 中国大陆 / 剧情 战争 / 文牧野 / 沈腾 蒋奇明
36882191,八仙！,,https://neodb.social/m/item/doubanmovie/2026/07/14/51994191-44f0-49a9-b91a-ec9978226bd2.webp,2026-07-18(中国大陆),https://movie.douban.com/subject/36882191/,8.2,"喜剧,动画,奇幻",5,这动画电影如果也说不好看，那还看什么，强推。,,2026-08-08 00:24:44,2026 / 中国大陆 / 喜剧 动画 奇幻 冒险 / 牟正洋 / 陈浩 李绍哲
37071123,铁拳教育,,https://neodb.social/m/item/doubanmovie/2026/06/09/2d270fd4-8cb9-43dc-9274-fb3db1e21a2a.webp,2026-06-05(韩国),https://movie.douban.com/subject/37071123/,8.7,"剧情,动作",4,爽剧，不过能凑出十集也不容易。,,2026-06-28 22:07:21,2026 / 韩国 / 剧情 动作 / 洪忠灿 / 金武烈 李星民
37116446,给阿嬷的情书,,https://neodb.social/m/item/doubanmovie/2026/06/25/ba94ca1b-2bb4-48a4-bafe-df6d719ebaa3.webp,2026-04-30(中国大陆),https://movie.douban.com/subject/37116446/,9.3,"剧情,家庭",5,木棉花：英雄风骨、三人羁绊、相思遗憾、珍惜当下。,,2026-05-23 22:51:11,2026 / 中国大陆 / 剧情 家庭 / 蓝鸿春 / 李思潼 王彦桐
35517044,低智商犯罪,,https://neodb.social/m/item/doubanmovie/2024/08/24/4ce64149-6b3f-4774-9ed6-2dc61f9a2ede.jpg,2026-05-04(中国大陆),https://movie.douban.com/subject/35517044/,8.2,"剧情,犯罪",4,几个脱口秀演员演的蛮好。,,2026-05-22 21:31:35,2026 / 中国大陆 / 剧情 犯罪 / 刘海波 / 王骁 田曦薇
37168326,真相捕捉 第三季,,https://neodb.social/m/item/doubanmovie/2026/03/17/7c16c32b-8f03-4a5e-a936-5eddc8002637.webp,2026-03-08(英国),https://movie.douban.com/subject/37168326/,8.1,"悬疑,惊悚,犯罪",3,评分直降是有原因呢，前两季那么好，本来有望成为神剧之一的，可惜了。,,2026-05-03 22:40:17,2026 / 英国 / 悬疑 惊悚 犯罪 / 安东尼·菲利普森 约翰尼·艾伦 本·切南 / 荷丽黛·格兰杰 帕帕·埃西杜
34923491,山河令,,https://neodb.social/m/movie/2021/09/15a257ca61-6b9f-444c-984f-dd9a80948672.jpg,2021-02-22(中国大陆),https://movie.douban.com/subject/34923491/,8.5,"剧情,武侠,古装",5,温客行真俊呀。,,2026-05-01 20:03:10,2021 / 中国大陆 / 剧情 武侠 古装 / 成志超 马华干 李宏宇 / 龚俊 周也
33371937,八千里路云和月,,https://neodb.social/m/item/doubanmovie/2026/04/09/12722a4a-b459-41e3-b0a4-6ec0326f5f62.webp,2026-04-07(中国大陆),https://movie.douban.com/subject/33371937/,6.4,"剧情,历史,战争",2,弃剧了,,2026-05-01 19:51:04,2026 / 中国大陆 / 剧情 历史 战争 / 张永新 / 王阳 万茜
35010610,挽救计划,,https://neodb.social/m/item/movie/2025/11/22/f0659886-8a6d-4ca2-b485-0e0c4a66c0d0.webp,2026-03-20(美国/中国大陆),https://movie.douban.com/subject/35010610/,8.6,"剧情,科幻,惊悚",4,拖着疲惫的身体下班后去电影院看的，想释放一下工作压力。电影前半段看的差点快睡着了，直到高司令与 Rocky 相遇。为什么会这么巧，两艘不同文明的飞船会遇到一起，而且能迅速理解对方说的话。电影的结局很好，在波江座当老师，没有回地球。,,2026-04-24 23:34:58,2026 / 美国 / 剧情 科幻 惊悚 / 菲尔·罗德 克里斯托弗·米勒 / 瑞恩·高斯林 桑德拉·惠勒
1308857,可可西里,,https://neodb.social/m/movie/2021/09/1411627d58-0bd7-40b3-81cb-66db12fd27c2.jpg,2004-10-01(中国大陆),https://movie.douban.com/subject/1308857/,8.9,"剧情,犯罪",4,震撼，致敬。,,2026-04-22 01:58:42,2004 / 中国大陆 中国香港 / 剧情 犯罪 / 陆川 / 多布杰 张垒
36534750,小巷人家,,https://neodb.social/m/item/doubanmovie/2024/12/16/411c9835-003f-45e2-81e0-1fd861bd88db.jpg,2024-10-28(中国大陆),https://movie.douban.com/subject/36534750/,8.4,"剧情,家庭",5,蒋欣在这部剧中的角色真是太幸福啦❤❤❤,,2026-03-27 18:43:27,2024 / 中国大陆 / 剧情 家庭 / 张开宙 / 闫妮 李光洁
36155049,古相思曲,,https://neodb.social/m/item/doubanmovie/2023/07/13/56df9b6d-d255-4ed2-b6be-006d334d5980.jpg,2023-06-22(中国大陆),https://movie.douban.com/subject/36155049/,8.6,"剧情,爱情,奇幻",4,,,2026-03-27 18:06:20,2023 / 中国大陆 / 剧情 爱情 奇幻 古装 / 知竹 / 张雅钦 郭迦南
35088783,真相捕捉 第二季,,https://neodb.social/m/movie/2022/10/065560e8b7-e063-4307-95a4-9cb60d8b6ef1.jpg,2022-08-28(英国),https://movie.douban.com/subject/35088783/,9.3,"悬疑,惊悚,犯罪",5,第六集的反转太过瘾了。,,2026-03-27 17:34:46,2022 / 英国 / 悬疑 惊悚 犯罪 / 詹姆斯·肯特 菲利帕·兰格戴尔 / 荷丽黛·格兰杰 帕帕·埃西杜
30305530,真相捕捉 第一季,,https://neodb.social/m/movie/2021/09/15f80f5a9f-dec3-4049-b22c-553792367974.jpg,2019-09-03(英国),https://movie.douban.com/subject/30305530/,8.9,"悬疑,惊悚,犯罪",5,,,2026-03-27 17:34:23,2019 / 英国 美国 / 悬疑 惊悚 犯罪 / 本·切南 / 荷丽黛·格兰杰 卡勒姆·特纳
6538866,极速车王,,https://neodb.social/m/item/fedi/2025/01/20/228df4ee-270f-4fa1-a897-a5118aed3533.jpg,2020-08-07(中国大陆),https://movie.douban.com/subject/6538866/,8.5,"剧情,传记,运动",5,"好燃，Ken 对赛车的热爱太纯粹了。
结尾福特要求三台车同时冲线时，我本来以为以 Ken 的性格，要么直接油门冲到底不理高层，要么在终点前一脚刹停赌气。结果我猜错了，他真的乖乖减速，等另外两辆车追上来并排冲线。
更遗憾的是，就算三车同时过线，冠军还是判给了起跑更靠后、行驶距离更长的另一台车。
对 Ken 和谢尔比来说，这成了一辈子的意难平。更让人难受的是，Ken 第二年试车时意外离世，再也没机会拿到本该属于他的荣耀。",,2026-02-28 23:54:59,2019 / 美国 / 剧情 传记 运动 / 詹姆斯·曼高德 / 马特·达蒙 克里斯蒂安·贝尔
37311135,飞驰人生3,,https://neodb.social/m/item/movie/2026/02/27/5bf6ff98-b578-4464-a61d-05c368256a5b.webp,2026-02-17(中国大陆),https://movie.douban.com/subject/37311135/,7.1,"剧情,喜剧,运动",3,今天返深，带爸妈一起去看的。,,2026-02-22 21:47:58,2026 / 中国大陆 / 剧情 喜剧 运动 / 韩寒 / 沈腾 尹正
36600459,捕风追影,,https://neodb.social/m/item/doubanmovie/2025/08/26/1e4d6296-5462-47f4-a745-b2975b78507b.jpg,2025-08-16(中国大陆),https://movie.douban.com/subject/36600459/,8,"剧情,动作,犯罪",5,两位七旬老人打斗，看得真过瘾呐。,,2026-01-17 23:23:44,2025 / 中国大陆 中国香港 / 剧情 动作 犯罪 / 杨子 / 成龙 张子枫
36176155,一战再战,,https://neodb.social/m/item/doubanmovie/2025/09/30/f80bc17b-7fee-46e0-9697-7689772ce7c4.jpg,2025-10-17(中国大陆),https://movie.douban.com/subject/36176155/,8,"剧情,动作,惊悚",3,,,2026-01-15 22:38:36,2025 / 美国 / 剧情 动作 惊悚 犯罪 / 保罗·托马斯·安德森 / 莱昂纳多·迪卡普里奥 西恩·潘
36907263,百米。,,https://neodb.social/m/item/movie/2026/01/12/3645631a-0b81-4262-9601-58e37875910c.webp,2025-06-09(安纳西国际动画电影节),https://movie.douban.com/subject/36907263/,7.9,"剧情,动画,运动",4,结果往往是虚无的，意义只存在于那个全情投入的瞬间。,,2026-01-10 23:51:18,2025 / 日本 / 剧情 动画 运动 / 岩井泽健治 / 松坂桃李 染谷将太
36782453,长安二十四计,,https://neodb.social/m/item/doubanmovie/2025/12/15/4263708f-86b0-4975-9cd3-a1f1fae0949f.jpg,2025-12-12(中国大陆),https://movie.douban.com/subject/36782453/,6.9,"悬疑,古装",3,一盘散沙一样，太乱太散。,,2026-01-10 16:04:40,2025 / 中国大陆 / 悬疑 古装 / 林峰 李磊 / 成毅 刘奕君
36778966,都是她的错,,https://neodb.social/m/item/doubanmovie/2025/11/10/f90738d8-e072-4fd1-bb5a-221d6e26ea70.jpg,2025-11-06(美国),https://movie.douban.com/subject/36778966/,9.1,"剧情,悬疑",5,都是他的错。,,2025-12-23 21:27:14,2025 / 美国 澳大利亚 / 剧情 悬疑 / 明基·斯皮罗 / 莎拉·斯努克 达科塔·范宁
36809864,南京照相馆,,https://neodb.social/m/item/fedi/2025/07/22/5e7a338f-0988-4fb2-9e41-ff98c50eea56.jpg,2025-07-25(中国大陆),https://movie.douban.com/subject/36809864/,8.7,"剧情,历史,战争",4,巧于 12·13 公祭日观影，铭记历史，吾辈自强。,,2025-12-13 23:49:11,2025 / 中国大陆 / 剧情 历史 战争 / 申奥 / 刘昊然 王传君
36438475,浪浪山小妖怪,,https://neodb.social/m/item/doubanmovie/2025/08/07/09dda457-f038-4c8e-874a-e1c5e96cce07.jpg,2025-08-02(中国大陆),https://movie.douban.com/subject/36438475/,8.5,"剧情,喜剧,动画",3,,,2025-11-27 23:18:12,2025 / 中国大陆 / 剧情 喜剧 动画 奇幻 / 於水 / 陈子平 路扬
36448279,罗小黑战记2,,https://neodb.social/m/item/movie/2025/11/26/c7d793db-bc70-4de8-adfc-8d0b5317f201.webp,2025-07-18(中国大陆),https://movie.douban.com/subject/36448279/,8.7,"动画,奇幻,冒险",4,,,2025-11-15 00:01:31,2025 / 中国大陆 / 动画 奇幻 冒险 / 木头 顾杰 / 山新 刘明月
36185502,长安的荔枝,,https://neodb.social/m/item/imdb/2025/07/19/277c040f-ec7f-42d9-a223-b69a39aa4fce.jpg,2025-07-18(中国大陆),https://movie.douban.com/subject/36185502/,7.5,"剧情,喜剧,古装",3,照着现代牛马复刻的。,,2025-11-10 09:02:26,2025 / 中国大陆 / 剧情 喜剧 古装 / 大鹏 / 大鹏 白客
37007685,窗外是蓝星,,https://neodb.social/m/item/doubanmovie/2025/09/07/dd63515c-105b-49e4-9b08-ed050504f583.jpg,2025-09-05(中国大陆),https://movie.douban.com/subject/37007685/,8.7,纪录片,5,带娃去看的。小朋友抱着爆米花，边吃边看边问“什么”、“为什么”…,,2025-09-21 15:27:47,2025 / 中国大陆 / 纪录片 / 朱翌冉 / 翟志刚 王亚平
36721436,扫毒风暴,,https://neodb.social/m/item/doubanmovie/2025/07/10/2e20da4a-1b38-40f7-a333-4b7fdb86cb50.jpg,2025-07-12(中国大陆),https://movie.douban.com/subject/36721436/,7.5,"剧情,犯罪",3,不喜欢段奕宏在这部的表演，秦日天还是一如既往稳定发挥。,,2025-08-26 19:29:41,2025 / 中国大陆 / 剧情 犯罪 / 五百 蔺水净 / 段奕宏 秦昊
35689244,F1：狂飙飞车,,https://neodb.social/m/item/movie/2026/02/14/67fa96f0-1daf-4bd0-b358-ac7755b73d74.jpeg,2025-06-27(美国/中国大陆),https://movie.douban.com/subject/35689244/,8.7,"剧情,动作,运动",5,为影院而生的爽片，燃。,,2025-07-19 23:10:31,2025 / 美国 / 剧情 动作 运动 / 约瑟夫·科辛斯基 / 布拉德·皮特 戴姆森·伊德瑞斯
35883131,雄狮少年2,,https://neodb.social/m/item/doubanmovie/2024/12/14/f54a53b9-77dd-4f10-9de5-0453470d388c.jpg,2024-12-14(中国大陆),https://movie.douban.com/subject/35883131/,8.5,"喜剧,动作,动画",3,看过，我觉得一般。其他你们去吵。,,2025-06-22 11:00:42,2024 / 中国大陆 / 喜剧 动作 动画 / 孙海鹏 / 李昕 郭皓
36512371,大风杀,,https://neodb.social/m/item/doubanmovie/2025/06/19/6ec2ddf5-353b-4c2b-b31b-7466f12369bf.jpg,2025-05-01(中国大陆),https://movie.douban.com/subject/36512371/,6.6,"剧情,悬疑,犯罪",3,可能影片有些什么内涵吧，我GET不到。,,2025-06-21 17:04:35,2025 / 中国大陆 / 剧情 悬疑 犯罪 / 张琪 / 白客 辛柏青
4922787,后宫·甄嬛传,,https://neodb.social/m/item/tmdb_tvseason/2023/06/01/74a7e6bb-bb62-492c-90ff-b495e7dc9cc9.jpg,2011-11-17(中国大陆),https://movie.douban.com/subject/4922787/,9.4,"剧情,古装",5,说剧荒的时候很多人推荐看，我嫌76集太长一直不敢点开，这次一周时间刷完了。,,2025-06-21 17:03:05,2011 / 中国大陆 / 剧情 古装 / 郑晓龙 / 孙俪 陈建斌
35935299,彩排 第一季,,https://neodb.social/m/movie/2022/07/16c340826c-62d3-4171-9464-5f5c99a6dc87.jpg,2022-07-15(美国),https://movie.douban.com/subject/35935299/,8.6,"喜剧,纪录片",2,看了一集，不是我的菜，弃。,,2025-06-07 17:40:13,2022 / 美国 / 喜剧 纪录片 / 内森·菲尔德 / 内森·菲尔德 吉吉·布格多夫
36323224,豺狼的日子 第一季,,https://neodb.social/m/item/tmdb_tvseason/2025/04/09/a37673a8-c0a5-4e5a-a144-d8abc94b791a.jpg,2024-11-07(美国),https://movie.douban.com/subject/36323224/,8.8,"剧情,动作,惊悚",5,爽。干两票都没收到尾款，太难了。,,2025-06-05 00:14:35,2024 / 英国 美国 / 剧情 动作 惊悚 犯罪 / 布莱恩·柯克 安东尼·菲利普森 保罗·威尔姆斯赫斯特 阿努·梅农 / 埃迪·雷德梅恩 拉什纳·林奇
1291936,攻壳机动队,,https://neodb.social/m/item/movie/2026/03/10/6ee5e6d5-6012-466d-90b8-2b081df6a13c.jpeg,2025-05-10(中国大陆),https://movie.douban.com/subject/1291936/,9,"动作,科幻,动画",5,意识与存在,,2025-05-22 23:24:45,1995 / 日本 / 动作 科幻 动画 / 押井守 / 田中敦子 大塚明夫
36053256,苦尽柑来遇见你,,https://neodb.social/m/item/tmdb_tvseason/2025/10/20/39bdc2e3-e74c-4d1a-b09f-57fb1ee8ed52.jpg,2025-03-07(韩国),https://movie.douban.com/subject/36053256/,9.4,"剧情,爱情,历史",5,太好哭了。,,2025-05-22 21:52:56,2025 / 韩国 / 剧情 爱情 历史 / 金湲锡 / 李知恩 朴宝剑
24750126,荒蛮故事,,https://neodb.social/m/movie/2021/09/15f256c6b1-f219-480e-8f70-1e90706db250.jpg,2025-04-11(中国大陆),https://movie.douban.com/subject/24750126/,8.7,"剧情,喜剧,犯罪",4,不服就干，谁也别怂。,,2025-04-12 00:33:15,2014 / 阿根廷 西班牙 / 剧情 喜剧 犯罪 / 达米安·斯兹弗隆 / 达里奥·格兰迪内蒂 玛丽娅·玛努尔
36305412,沙尘暴,,https://neodb.social/m/item/doubanmovie/2025/03/31/00165408-cfb5-434d-9f73-59aecabf853b.jpg,2025-03-28(中国大陆),https://movie.douban.com/subject/36305412/,8.1,"剧情,悬疑,犯罪",4,人性的恶之花，每个人身上都有，只是不知道什么时候被激活，没有碰到事情，谁都不知道什么时候绽放。,,2025-04-11 19:37:19,2025 / 中国大陆 / 剧情 悬疑 犯罪 / 谭嘉言 / 段奕宏 王锵
35633163,莲花楼,,https://neodb.social/m/item/doubanmovie/2024/03/18/d51829d6-38e9-4380-a5dd-390687dfa376.webp,2023-07-23(中国大陆),https://movie.douban.com/subject/35633163/,8.5,"剧情,悬疑,武侠",5,2023年的“老剧”，我到2025年才看到。太上头了，还通宵看了一晚上。五星好评，准备二刷。,,2025-02-21 22:21:11,2023 / 中国大陆 / 剧情 悬疑 武侠 古装 / 郭虎 任海涛 / 成毅 曾舜晞
26925611,你想活出怎样的人生,,https://neodb.social/m/item/movie/2024/09/18/6bfa35dc-2c7c-4dea-b4d5-7bdf76d6cd8c.jpg,2024-04-03(中国大陆),https://movie.douban.com/subject/26925611/,7.5,"动画,奇幻,冒险",4,有太多隐喻，原谅我没看懂。感动于火美知道了结局，也依然义无反顾地选择。,,2025-02-12 15:19:56,2023 / 日本 / 动画 奇幻 冒险 / 宫崎骏 / 山时聪真 菅田将晖
1907464,集结号,,https://neodb.social/m/movie/2021/09/164e90e565-0c74-439f-8c1d-7becfd41d472.jpg,2007-12-20(中国大陆),https://movie.douban.com/subject/1907464/,8.2,"剧情,传记,历史",4,为牺牲的全连战友正名。,,2025-02-10 16:00:29,2007 / 中国大陆 中国香港 / 剧情 传记 历史 战争 / 冯小刚 / 张涵予 邓超
36624248,落凡尘,,https://neodb.social/m/item/doubanmovie/2024/07/07/07f9954b-4119-4b5a-aaf4-558193f8deee.webp,2024-07-12(中国大陆),https://movie.douban.com/subject/36624248/,7.7,"剧情,动画,奇幻",3,牛郎织女故事衍生，画风尚可，剧情一般。,,2025-02-10 15:56:15,2024 / 中国大陆 / 剧情 动画 奇幻 / 钟鼎 / 李昕 刘校妤
34780991,哪吒之魔童闹海,,https://neodb.social/m/item/doubanmovie/2025/02/02/d801edae-d1f3-499d-8a73-123ce9669780.jpg,2025-01-29(中国大陆),https://movie.douban.com/subject/34780991/,8.4,"剧情,喜剧,动画",5,,,2025-02-03 19:51:17,2025 / 中国大陆 / 剧情 喜剧 动画 奇幻 / 饺子 / 吕艳婷 囧森瑟夫
36328210,姥姥的外孙,,https://neodb.social/m/item/doubanmovie/2024/05/16/a472192d-ec7b-45a7-9b78-f2e9436663e0.webp,2024-08-23(中国大陆),https://movie.douban.com/subject/36328210/,8.8,剧情,5,观众可以自行选择对号入座，或者自己在看的同时将现实中的某某代入某个角色，非常现实的塑造，毫无违和感。,,2025-01-06 09:22:53,2024 / 泰国 / 剧情 / 帕特·波尼蒂帕特 / 普提蓬·阿萨拉塔纳功 乌萨·萨梅坎姆
30412658,里斯本丸沉没,,https://neodb.social/m/item/doubanmovie/2024/09/13/813e5d01-7ee7-4661-ad0f-25e7e887157d.jpg,2024-09-06(中国大陆),https://movie.douban.com/subject/30412658/,9.3,纪录片,4,,,2024-12-04 23:23:38,2023 / 中国大陆 / 纪录片 / 方励 / 方励 托尼·班纳姆
35376457,爱情神话,,https://neodb.social/m/movie/2021/12/09b8710cc9-e7c6-4e56-bd42-e4b5ffb08edf.jpg,2021-12-24(中国大陆),https://movie.douban.com/subject/35376457/,8.1,"剧情,喜剧,爱情",3,,,2024-12-01 00:20:36,2021 / 中国大陆 / 剧情 喜剧 爱情 / 邵艺辉 / 徐峥 马伊琍
36154853,好东西,,https://neodb.social/m/item/doubanmovie/2024/12/05/19c42b7d-d172-4959-be40-3dd69006131f.jpg,2024-11-22(中国大陆),https://movie.douban.com/subject/36154853/,8.9,"剧情,爱情",5,生日当天想一个人去看场电影，今晚。,,2024-11-30 22:26:11,2024 / 中国大陆 / 剧情 爱情 / 邵艺辉 / 宋佳 钟楚曦
35902857,完美的日子,,https://neodb.social/m/item/movie/2023/05/31/0904d82a-cd0e-4526-91cb-0c7d98d66d94.jpg,2024-11-15(中国大陆),https://movie.douban.com/subject/35902857/,8.5,剧情,3,看时期待后面的剧情，看后略显无聊。,,2024-11-29 11:41:13,2023 / 日本 德国 / 剧情 / 维姆·文德斯 / 役所广司 柄本时生
36587974,出走的决心,,https://neodb.social/m/item/movie/2024/09/16/3cedca9b-24fb-4845-83e4-b81ca7b0eb13.jpg,2024-09-15(中国大陆),https://movie.douban.com/subject/36587974/,8.8,"剧情,家庭",5,愿所有她都有同样决心。,,2024-11-23 22:23:14,2024 / 中国大陆 / 剧情 家庭 / 尹丽川  / 咏梅 姜武
36689857,荒野机器人,,https://neodb.social/m/item/tmdb_movie/2024/03/08/faa68cbe-ed3c-4740-a855-b89430864d69.jpg,2024-09-20(中国大陆),https://movie.douban.com/subject/36689857/,8.2,"科幻,动画,冒险",4,爱是联结万物的主题。,,2024-11-12 12:58:42,2024 / 美国 / 科幻 动画 冒险 / 克里斯·桑德斯 / 露皮塔·尼永奥 佩德罗·帕斯卡
34434445,投行风云 第一季,,https://neodb.social/m/movie/2021/10/256d8c79ba-ff86-427b-b07f-58a2e08eb0ad.jpg,2020-10-11(伦敦电影节),https://movie.douban.com/subject/34434445/,7.1,剧情,3,,尺度真大，贵圈这么乱的吗，怪不得金融圈的瓜那么多。,2024-11-08 14:10:14,2020 / 美国 英国 / 剧情 / 莉娜·邓纳姆 汀治·克里希南 玛丽·奈伊 埃德·利力 / 玛瑞萨·阿贝拉 米哈拉·赫罗德
36208094,第二十条,,https://neodb.social/m/item/doubanmovie/2024/02/02/78cc04a6-520d-4ebd-90da-987d241d749e.webp,2024-02-10(中国大陆),https://movie.douban.com/subject/36208094/,7.5,"剧情,喜剧,家庭",2,这是你们公检法该干的正事呀。,,2024-10-26 22:30:53,2024 / 中国大陆 / 剧情 喜剧 家庭 / 张艺谋 / 雷佳音 马丽
36081094,热辣滚烫,,https://neodb.social/m/item/doubanmovie/2024/02/10/da59ef1a-2e66-4517-8ed3-23b72d045f07.webp,2024-02-10(中国大陆),https://movie.douban.com/subject/36081094/,7.5,"剧情,喜剧,运动",4,能瘦一百多斤，是个狠人。成为更好的自己，加油。,,2024-10-20 22:33:18,2024 / 中国大陆 / 剧情 喜剧 运动 / 贾玲 / 贾玲 雷佳音
36774001,逆行人生,,https://neodb.social/m/item/doubanmovie/2024/08/01/f8e50d81-2be6-4af9-b8b8-99ceaa883a58.jpg,2024-08-09(中国大陆),https://movie.douban.com/subject/36774001/,6.6,剧情,3,高志垒说“我没本事”，同时对他爸说“你有本事别生病啊”，对女儿说“你上什么国际学校啊”的时候，我完全代入了，当我遇此相同遭遇时，表现肯定一模一样。,,2024-10-19 22:41:53,2024 / 中国大陆 / 剧情 / 徐峥 / 徐峥 辛芷蕾
36653918,抓娃娃,,https://neodb.social/m/item/doubanmovie/2024/07/01/f929217a-3c36-4a6e-8885-64fc07476424.webp,2024-07-16(中国大陆),https://movie.douban.com/subject/36653918/,7.1,喜剧,3,父母口口声声说为了孩子，其实都是为了自己...的家业。,,2024-10-18 08:42:17,2024 / 中国大陆 / 喜剧 / 闫非 彭大魔 / 沈腾 马丽
36934908,因果报应,,https://neodb.social/m/item/doubanmovie/2024/08/09/d546187f-bf96-4341-a492-99bc987de142.jpg,2024-11-29(中国大陆),https://movie.douban.com/subject/36934908/,8.7,"动作,悬疑,犯罪",3,故事很简单，只是几条线交织，剪辑时间线有一些误导，拎清之后脉络挺清晰的。,,2024-09-17 05:19:31,2024 / 印度 / 动作 悬疑 犯罪 / 尼蒂兰·萨米纳坦 / 维杰·西图帕提 阿努拉格·卡施亚普
26816104,从21世纪安全撤离,,https://neodb.social/m/item/doubanmovie/2024/09/19/a4002509-b3ca-4936-b5ac-8134483f87c9.jpg,2024-08-02(中国大陆),https://movie.douban.com/subject/26816104/,7.3,"喜剧,科幻",1,难看，伪科幻、硬玩梗、全是特效。,,2024-09-14 06:17:41,2024 / 中国大陆 / 喜剧 科幻 / 李阳 / 张若昀 钟楚曦
25752323,风筝,,https://neodb.social/m/movie/2021/09/16de153056-b294-4fd6-a24b-48b88dda65cc.jpg,2017-12-17(中国大陆),https://movie.douban.com/subject/25752323/,8.8,"剧情,悬疑",5,看的51集未删减版本。一边是愚，一边是义。,,2024-08-01 23:04:11,2017 / 中国大陆 / 剧情 悬疑 / 柳云龙 / 柳云龙 罗海琼
35956190,走走停停,,https://neodb.social/m/item/doubanmovie/2024/06/07/2780d068-b874-4cbf-8d74-fce591d7d886.webp,2024-06-08(中国大陆),https://movie.douban.com/subject/35956190/,8,"剧情,喜剧,家庭",2,不喜欢。,,2024-07-14 23:21:27,2024 / 中国大陆 / 剧情 喜剧 家庭 / 龙飞 / 胡歌 高圆圆
35656028,天行健,,https://neodb.social/m/movie/2022/07/113facb3a7-e45f-486c-a259-d28fd0a203e8.jpg,2024-05-08(中国大陆),https://movie.douban.com/subject/35656028/,8.8,剧情,5,好剧，但好像热度不太高,,2024-07-12 14:12:27,2024 / 中国大陆 / 剧情 / 楼健 卫立洲 / 秦俊杰 刘宇宁
36149032,我们一起摇太阳,,https://neodb.social/m/item/imdb/2024/04/23/4103b6fb-82eb-4bbd-afdd-6009608982ea.jpg,2024-02-10(中国大陆点映),https://movie.douban.com/subject/36149032/,8,"剧情,爱情,家庭",5,哭哭笑笑，值得一看。,,2024-05-25 01:01:47,2024 / 中国大陆 中国香港 / 剧情 爱情 家庭 / 韩延 / 彭昱畅 李庚希
36245596,我的阿勒泰,,https://neodb.social/m/item/doubanmovie/2024/06/12/f6cf267d-6dd7-415e-8100-929f44b1e1c4.webp,2024-05-07(中国大陆),https://movie.douban.com/subject/36245596/,8.9,剧情,5,阖家团圆，撒花🎉,,2024-05-16 22:36:32,2024 / 中国大陆 / 剧情 / 滕丛丛 / 马伊琍 周依然
35575567,沙丘2,,https://neodb.social/m/item/doubanmovie/2024/03/09/31bfde12-4660-40cd-865c-47964fcf1c48.webp,2024-03-08(中国大陆),https://movie.douban.com/subject/35575567/,8.1,"剧情,动作,科幻",3,场面是大，但剧情是真拖沓，这么个简简单单的故事整快三小时。明显不如第一部。,,2024-04-18 23:59:44,2024 / 美国 加拿大 / 剧情 动作 科幻 冒险 / 丹尼斯·维伦纽瓦 / 提莫西·查拉梅 赞达亚
35593344,奥本海默,,https://neodb.social/m/item/tmdb_movie/2025/01/20/c50f391f-f017-4478-ae8c-ff4cd460e2c2.jpg,2023-08-30(中国大陆),https://movie.douban.com/subject/35593344/,8.8,"剧情,传记,历史",4,,,2024-03-19 00:16:52,2023 / 美国 英国 / 剧情 传记 历史 / 克里斯托弗·诺兰 / 基里安·墨菲 艾米莉·布朗特
3001114,沙丘,,https://neodb.social/m/movie/2021/09/15f62c4093-b3be-4829-87e9-320449e3a5f9.jpg,2021-10-22(美国/中国大陆),https://movie.douban.com/subject/3001114/,7.7,"剧情,科幻,冒险",5,,,2024-03-10 21:20:06,2021 / 美国 / 剧情 科幻 冒险 / 丹尼斯·维伦纽瓦 / 提莫西·查拉梅 丽贝卡·弗格森
30391186,蜘蛛侠：纵横宇宙,,https://neodb.social/m/item/tmdb_movie/2025/01/20/7a48ff6e-aae2-458e-9b35-523ece2badfb.jpg,2023-06-02(美国/中国大陆),https://movie.douban.com/subject/30391186/,8.5,"喜剧,动作,科幻",2,看得犯困，比平行宇宙那部差很多。,,2024-03-02 22:45:37,2023 / 美国 / 喜剧 动作 科幻 动画 奇幻 冒险 / 乔伊姆·多斯·桑托斯 凯普·鲍尔斯 贾斯汀·汤普森 / 沙梅克·摩尔 海莉·斯坦菲尔德
36151692,周处除三害,,https://neodb.social/m/item/movie/2024/09/20/1b386931-c574-431d-b009-ce1d5fe6ab4c.jpg,2024-03-01(中国大陆),https://movie.douban.com/subject/36151692/,8.1,"动作,犯罪",4,灵修院那段返回来干掉被邪教洗脑群众，很解气，一枪一个，这一段在国内院线上映的版本肯定会被剪掉吧。,,2024-03-01 23:08:22,2023 / 中国台湾 / 动作 犯罪 / 黄精甫 / 阮经天 袁富华
35712804,首尔之春,,https://neodb.social/m/item/doubanmovie/2024/05/05/ff4458fb-b949-416c-833f-def4a33e1a74.webp,2023-11-22(韩国),https://movie.douban.com/subject/35712804/,8.8,剧情,5,不了解韩国历史，我以为片名叫《首尔之春》，怎么着也不至于叛军获胜吧，紧张刺激，一直到最后只剩首都警备司令官单枪匹马，我都还期待着局势反转。,,2024-02-24 00:19:30,2023 / 韩国 / 剧情 / 金性洙 / 黄政民 郑雨盛
35208463,三大队,,https://neodb.social/m/item/doubanmovie/2023/02/11/279d76f8-a2a0-4bca-8893-0e040c0f673e.jpg,2023-12-15(中国大陆),https://movie.douban.com/subject/35208463/,7.6,"剧情,犯罪",2,,,2024-02-17 21:42:45,2023 / 中国大陆 / 剧情 犯罪 / 戴墨 / 张译 李晨
36369452,飞驰人生2,,https://neodb.social/m/item/doubanmovie/2024/01/20/fabd1cf7-85e0-4ffb-988d-6a28d1fba7fa.webp,2024-02-10(中国大陆),https://movie.douban.com/subject/36369452/,7.6,"剧情,喜剧,运动",5,,,2024-02-14 08:16:40,2024 / 中国大陆 / 剧情 喜剧 运动 / 韩寒 / 沈腾 范丞丞
35725869,年会不能停！,,https://neodb.social/m/item/doubanmovie/2023/09/11/a3533d6f-32a0-4786-9d4a-cd772c7927df.jpg,2023-12-29(中国大陆),https://movie.douban.com/subject/35725869/,8.1,"剧情,喜剧",4,,,2024-02-13 21:26:10,2023 / 中国大陆 / 剧情 喜剧 / 董润年 / 大鹏 白客
35206436,超异能族,,https://neodb.social/m/item/doubanmovie/2026/04/29/223d08cd-a6c2-4414-be2e-a3ef6e7bd4d2.webp,2023-08-09(韩国),https://movie.douban.com/subject/35206436/,8.9,"动作,爱情,悬疑",5,明明就叫“超爱能族”。异能只是外壳，异能之下是爱情和亲情。,,2024-01-22 17:27:41,2023 / 韩国 / 动作 爱情 悬疑 奇幻 / 朴仁载 朴允书 / 柳承龙 韩孝周
34885342,人生切割术 第一季,,https://neodb.social/m/item/tmdb_tvseason/2025/02/28/88a56af7-da63-4de1-adcb-c2722d1588ac.jpg,2022-02-18(美国),https://movie.douban.com/subject/34885342/,9,"剧情,科幻,悬疑",5,期待下一季,,2024-01-18 21:47:17,2022 / 美国 / 剧情 科幻 悬疑 惊悚 / 本·斯蒂勒 伊费·麦卡德尔 / 亚当·斯科特 扎克·切利
35524249,蓝眼武士 第一季,,https://neodb.social/m/item/tmdb_tvseason/2023/11/05/98acf4b0-f79d-47d8-abf0-548ef360c728.jpg,2023-11-03(美国),https://movie.douban.com/subject/35524249/,8.7,"剧情,动作,动画",2,瞧你们吹的，3分，不能再多了。若是砍死完结的话可以再加一分，非要第二季圈钱。,,2024-01-13 21:00:23,2023 / 美国 法国 加拿大 / 剧情 动作 动画 冒险 / 厄尔·A·希伯特 吴怡君 瑞安·奥洛林 迈克尔·格林 孙诺 阿兰·泰勒 艾伦·万 / 玛雅·厄斯金 田川洋行
25934014,爱乐之城,,https://neodb.social/m/item/imdb/2026/04/23/a4954ec4-6ae0-4137-843b-c9cca02cd0ed.jpg,2017-02-14(中国大陆),https://movie.douban.com/subject/25934014/,8.4,"剧情,爱情,歌舞",,结尾那段蒙太奇闪回太棒了。,爱情,2023-12-26 16:11:02,2016 / 美国 / 剧情 爱情 歌舞 / 达米恩·查泽雷 / 瑞恩·高斯林 艾玛·斯通
30267255,疼痛难免,,https://neodb.social/m/movie/2022/02/132ed0f4e4-80b7-484e-856d-7b41cbe6a2e8.jpg,2022-02-08(英国),https://movie.douban.com/subject/30267255/,9.3,"剧情,喜剧,同性",4,,,2023-12-20 00:32:24,2022 / 英国 / 剧情 喜剧 同性 / 露西·福布斯 汤姆·金斯利 / 本·卫肖 安比卡·茂德
1299243,棋逢敌手,,https://neodb.social/m/movie/2021/09/16d439d8c1-9c91-468e-bf20-aa5eb0cb3d21.jpg,1997-11-25(美国),https://movie.douban.com/subject/1299243/,8.4,"喜剧,动画,短片",5,,,2023-12-11 23:25:47,1997 / 美国 / 喜剧 动画 短片 / 简·皮克瓦 / 鲍勃·彼德森
35932858,拾荒者统治,,https://neodb.social/m/item/tv/2023/12/09/e349737a-1ad1-4118-ab72-3f8fd067cf4d.webp,2023-10-19(美国),https://movie.douban.com/subject/35932858/,9.2,"剧情,科幻,动画",4,,,2023-12-08 00:52:17,2023 / 美国 / 剧情 科幻 动画 冒险 / 约瑟夫·本奈特 查尔斯·胡特纳 文森特·徐 雷切尔·里德 克里斯汀·洁恩·申 迭戈·波拉尔 乔纳森·德乔布·恩孔多 / 苏妮特·玛尼 乌米·马萨库
35332568,奇巧计程车,,https://neodb.social/m/movie/2021/09/15390999dc-5028-4fdb-9741-b90e2d3cf798.jpg,2021-04-06(日本),https://movie.douban.com/subject/35332568/,9.4,"剧情,动画,悬疑",4,,,2023-12-04 20:40:29,2021 / 日本 / 剧情 动画 悬疑 / 木下麦 新田典生 西田健一 大庭秀昭 / 花江夏树 饭田里穗
36566263,贝克汉姆,,https://neodb.social/m/item/doubanmovie/2023/10/06/0e39c8e2-361e-4d0e-bdc5-45f77246a5e5.jpg,2023-10-04(英国),https://movie.douban.com/subject/36566263/,9,"纪录片,传记,运动",5,迷人的小贝,,2023-11-12 21:19:04,2023 / 英国 / 纪录片 传记 运动 / 费舍·史蒂芬斯 / 大卫·贝克汉姆 维多利亚·贝克汉姆
27024903,天才枪手,,https://neodb.social/m/item/movie/2026/02/25/6117fae0-6e59-4d39-9c5f-2dad2bbcc462.jpg,2017-10-13(中国大陆),https://movie.douban.com/subject/27024903/,8.2,"剧情,悬疑,犯罪",4,,,2023-11-12 21:18:38,2017 / 泰国 / 剧情 悬疑 犯罪 / 纳塔吾·彭皮里亚 / 茱蒂蒙·琼查容苏因 查侬·散顶腾古
35725842,繁城之下,,https://neodb.social/m/item/doubanmovie/2023/01/10/b7749ba0-c416-4a29-a58c-c1f813efda8a.webp,2023-10-13(中国大陆),https://movie.douban.com/subject/35725842/,8.5,"悬疑,犯罪,古装",3,一般吧，男主演得太丧，一心为师父报仇，最后却不知道师父是自己的杀父仇人。大部份靠宁理撑着。8.5分高了。,,2023-10-27 20:02:31,2023 / 中国大陆 / 悬疑 犯罪 古装 / 王铮 / 白宇帆 宁理
1917171,硫磺岛的来信,,https://neodb.social/m/item/movie/2025/10/10/5bd5c41a-dbde-48a6-a18f-b3a5f4e06fa1.jpeg,2006-12-09(日本),https://movie.douban.com/subject/1917171/,8.2,"剧情,历史,战争",4,二战后期，日军占据的硫磺岛被美军反攻，守卫硫磺岛的日军有很多是平民百姓征兵而来。这是一场没有支援，注定死亡的战争。士兵们给亲人写信，传不出去的信件。美军Sam母亲写给儿子的信，和日本母亲写信给儿子的口吻一样，情感相通。错误的战争，一个个鲜活的人物，观影过程中作为纯生物意义上的人，十分动容，但日本发起的这场对中华儿女伤痛万分的战争，民族情感上本能拒绝入戏过深。愿世界和平。,,2023-10-20 01:00:10,2006 / 美国 / 剧情 历史 战争 / 克林特·伊斯特伍德 / 渡边谦 二宫和也
35705832,八尺门的辩护人,,https://neodb.social/m/item/tv/2024/03/04/ad8674c5-f34d-4ad4-9725-6067d109873f.webp,2023-07-02(中国台湾),https://movie.douban.com/subject/35705832/,8.7,"剧情,悬疑",4,只要给群众想要的，他们就不会记住自己应得的。一部剧牵扯司法、政治、原住民、外籍劳工、非法捕鱼问题…,,2023-09-18 14:22:16,2023 / 中国台湾 / 剧情 悬疑 / 唐福睿 / 李铭顺 范逸臣
10604086,封神第一部：朝歌风云,,https://neodb.social/m/item/tmdb_movie/2025/01/07/5c08ca37-111a-4d69-847a-6590365d31e7.jpg,2023-07-20(中国大陆),https://movie.douban.com/subject/10604086/,7.7,"动作,战争,奇幻",3,不喜欢。推荐不看。,,2023-08-15 23:06:31,2023 / 中国大陆 / 动作 战争 奇幻 古装 / 乌尔善 / 费翔 李雪健
35698284,关于我和鬼变成家人的那件事,,https://neodb.social/m/movie/2022/10/28ce9fb84c-665a-449f-8c51-ed2ae352d65b.jpg,2023-02-10(中国台湾),https://movie.douban.com/subject/35698284/,8.1,"喜剧,悬疑,同性",5,笑笑,,2023-08-10 23:50:01,2022 / 中国台湾 / 喜剧 悬疑 同性 奇幻 / 程伟豪 / 许光汉 林柏宏
21318488,消失的爱人,,https://neodb.social/m/movie/2021/09/1467bda61f-403f-441d-83aa-e4774f90b712.jpg,2014-09-26(纽约电影节),https://movie.douban.com/subject/21318488/,8.7,"剧情,悬疑,惊悚",4,“当我想到我的妻子时，我总是先想起她的头颅。我想象着劈开她那可爱的头颅，梳理她的大脑，试图找到答案——任何婚姻中的首要问题的答案：What are you thinking?How are you feeling? What have we done to each other?”,,2023-07-26 22:11:42,2014 / 美国 / 剧情 悬疑 惊悚 犯罪 / 大卫·芬奇 / 本·阿弗莱克 裴淳华
36035676,长安三万里,,https://neodb.social/m/item/doubanmovie/2023/07/02/0877652c-19db-4f9b-8be5-e8645b18db8b.jpg,2023-07-08(中国大陆),https://movie.douban.com/subject/36035676/,8.3,"动画,历史",5,若不是这电影，还真不了解李白高适之间的这些故事。,,2023-07-21 23:58:26,2023 / 中国大陆 / 动画 历史 / 谢君伟 邹靖 / 杨天翔 凌振赫
1790577,放·逐,,https://neodb.social/m/movie/2021/09/167cba62bb-4be0-4630-a4f3-bdd188f5bccc.jpg,2006-10-19(中国香港),https://movie.douban.com/subject/1790577/,8.3,"惊悚,犯罪",4,,,2023-06-17 23:14:42,2006 / 中国香港 / 惊悚 犯罪 / 杜琪峰 / 黄秋生 吴镇宇
35457272,保你平安,,https://neodb.social/m/movie/2022/05/13c80ca032-f642-4ed2-86c0-94704a240cf0.jpg,2023-03-10(中国大陆),https://movie.douban.com/subject/35457272/,7.6,"剧情,喜剧",4,别信什么谣言止于智者，这是屁话。止于智者了，但架不住现今微博抖音一众博眼球蹭流量的傻逼呀。,,2023-06-10 00:28:10,2022 / 中国大陆 / 剧情 喜剧 / 大鹏 / 大鹏 李雪琴
30209084,对不起，我们错过了你,,https://neodb.social/m/movie/2021/09/16cbf044cc-1662-4e57-a641-b5f6fa5a8653.jpg,2019-05-16(戛纳电影节),https://movie.douban.com/subject/30209084/,8.5,"剧情,家庭",4,,,2023-06-08 23:17:21,2019 / 英国 法国 比利时 / 剧情 家庭 / 肯·洛奇 / 克里斯·希钦 黛比·哈尼伍德
26374197,蜘蛛侠：平行宇宙,,https://neodb.social/m/movie/2021/09/156963fe1b-b7c5-48eb-bd54-03d23c3d8c01.jpg,2018-12-21(中国大陆),https://movie.douban.com/subject/26374197/,8.6,"动作,科幻,动画",4,,,2023-06-06 23:18:17,2018 / 美国 / 动作 科幻 动画 冒险 / 鲍勃·佩尔西凯蒂 彼得·拉姆齐 罗德尼·罗斯曼 / 沙梅克·摩尔 杰克·约翰逊
20452350,9号秘事 第一季,,https://neodb.social/m/movie/2021/09/159d23679b-2145-48bf-8c34-4755252dad49.jpg,2014-02-05(英国),https://movie.douban.com/subject/20452350/,9.1,"喜剧,悬疑,恐怖",4,看了第一季6集+第二季第1集。准备弃了，不是我喜欢的类型，英式幽默欣赏不来，悬疑反转还是《毛骗》更适合我看。,,2023-05-16 17:40:40,2014 / 英国 / 喜剧 悬疑 恐怖 / 大卫·科尔 / 里斯·谢尔史密斯 史蒂夫·佩姆伯顿
26087471,俄罗斯方块,,https://neodb.social/m/item/doubanmovie/2023/04/04/28d2adf8-9ed3-4323-a351-0afcad6fe1cf.jpg,2023-03-15(西南偏南电影节),https://movie.douban.com/subject/26087471/,8,"剧情,惊悚,传记",5,,,2023-05-12 00:13:13,2023 / 英国 美国 / 剧情 惊悚 传记 历史 / 乔·拜尔德 / 塔伦·埃哲顿 尼基塔·叶甫列莫夫
34941536,宇宙探索编辑部,,https://neodb.social/m/item/tmdb_movie/2025/01/07/be012b58-ed0a-4750-b71d-03b0f59276a6.jpg,2023-04-01(中国大陆),https://movie.douban.com/subject/34941536/,8,"喜剧,科幻",1,无聊，欣赏不来,,2023-05-11 21:28:20,2021 / 中国大陆 / 喜剧 科幻 / 孔大山 / 杨皓宇 艾丽娅
3143676,林中小屋,,https://neodb.social/m/movie/2021/09/15368679da-e337-48a9-8cd4-e6ea849db117.jpg,2011-12-11(BNAT),https://movie.douban.com/subject/3143676/,7.6,恐怖,4,,,2023-05-09 00:15:25,2011 / 加拿大 美国 / 恐怖 / 德鲁·戈达德 / 克里斯汀·康奈利 克里斯·海姆斯沃斯
35588177,漫长的季节,,https://neodb.social/m/item/tmdb_tvseason/2023/05/31/8f8596d0-85eb-402f-84c2-c5f5b60cb1a4.jpg,2023-04-22(中国大陆),https://movie.douban.com/subject/35588177/,9.4,"剧情,家庭,犯罪",5,,,2023-05-06 13:47:17,2023 / 中国大陆 / 剧情 家庭 犯罪 / 辛爽 / 范伟 秦昊
1998799,灌篮高手,,https://neodb.social/m/item/tmdb_tvseason/2024/11/28/44528d7e-1364-4c34-8e61-d26e57bba8c8.jpg,1993-10-16(日本),https://movie.douban.com/subject/1998799/,9.7,"喜剧,动画,运动",4,第一次看，站在如今这个年纪看来还是更喜欢《强风吹拂》,,2023-04-26 13:40:40,1993 / 日本 / 喜剧 动画 运动 / 西泽信孝 角铜博之 志水淳儿 明比正行 又野弘道 中村哲治 吉泽孝男 有迫俊彦 竹之内和久 / 草尾毅 绿川光
35413042,怒呛人生 第一季,,https://neodb.social/m/item/doubanmovie/2023/03/21/470839be-c4a6-47c4-90e5-021479e42fc0.jpg,2023-04-06(美国),https://movie.douban.com/subject/35413042/,8.6,"剧情,喜剧",4,,,2023-04-24 22:36:08,2023 / 美国 / 剧情 喜剧 / 宫崎光代 杰克·施莱尔 李成真 / 史蒂文·元 黄阿丽
35739931,下一个素熙,,https://neodb.social/m/item/doubanmovie/2025/01/24/7dcf366e-9794-4e4f-95b7-16467513a908.jpg,2022-05-25(戛纳电影节),https://movie.douban.com/subject/35739931/,8.3,剧情,5,,,2023-04-15 00:16:23,2022 / 韩国 / 剧情 / 郑朱莉 / 金时恩 裴斗娜
